timestamp, clocks.current.sm [MHz], clocks.current.memory [MHz], temperature.gpu, power.draw [W], clocks_event_reasons.active, memory.used [MiB]
2026/09/27 22:44:29.063, 1410 MHz, 1593 MHz, 35, 97.73 W, 0x0000000000000001, 0 MiB
2026/09/27 22:44:34.081, 1410 MHz, 1593 MHz, 35, 97.63 W, 0x0000000000000001, 0 MiB
2026/09/27 22:44:39.095, 1410 MHz, 1593 MHz, 35, 97.90 W, 0x0000000000000001, 0 MiB
2026/09/27 22:44:44.110, 1410 MHz, 1593 MHz, 36, 98.45 W, 0x0000000000000000, 423 MiB
2026/09/27 22:44:49.126, 1410 MHz, 1593 MHz, 36, 101.18 W, 0x0000000000000000, 1915 MiB
2026/09/27 22:44:54.144, 1410 MHz, 1593 MHz, 36, 102.06 W, 0x0000000000000000, 1915 MiB
2026/09/27 22:44:59.159, 1410 MHz, 1593 MHz, 36, 102.38 W, 0x0000000000000000, 1915 MiB
2026/09/27 22:45:04.179, 1410 MHz, 1593 MHz, 36, 102.38 W, 0x0000000000000000, 1915 MiB
2026/09/27 22:45:09.194, 1410 MHz, 1593 MHz, 36, 103.47 W, 0x0000000000000000, 1915 MiB
2026/09/27 22:45:14.212, 1410 MHz, 1593 MHz, 36, 104.30 W, 0x0000000000000000, 1915 MiB
2026/09/27 22:45:19.228, 1410 MHz, 1593 MHz, 36, 100.05 W, 0x0000000000000000, 1915 MiB
2026/09/27 22:45:24.246, 1410 MHz, 1593 MHz, 36, 103.26 W, 0x0000000000000000, 1915 MiB
2026/09/27 22:45:29.261, 1410 MHz, 1593 MHz, 36, 103.59 W, 0x0000000000000000, 1915 MiB
2026/09/27 22:45:34.284, 1410 MHz, 1593 MHz, 36, 97.33 W, 0x0000000000000000, 9165 MiB
2026/09/27 22:45:39.300, 1410 MHz, 1593 MHz, 37, 127.80 W, 0x0000000000000000, 9173 MiB
2026/09/27 22:45:44.316, 1410 MHz, 1593 MHz, 37, 123.08 W, 0x0000000000000000, 9173 MiB
2026/09/27 22:45:49.333, 1410 MHz, 1593 MHz, 36, 98.00 W, 0x0000000000000000, 13665 MiB
2026/09/27 22:45:54.347, 1410 MHz, 1593 MHz, 40, 162.42 W, 0x0000000000000000, 13923 MiB
2026/09/27 22:45:59.363, 1410 MHz, 1593 MHz, 36, 99.75 W, 0x0000000000000000, 7293 MiB
2026/09/27 22:46:04.377, 1410 MHz, 1593 MHz, 37, 115.27 W, 0x0000000000000000, 7731 MiB
2026/09/27 22:46:09.396, 1410 MHz, 1593 MHz, 37, 128.06 W, 0x0000000000000000, 7731 MiB
2026/09/27 22:46:14.411, 1410 MHz, 1593 MHz, 37, 112.70 W, 0x0000000000000000, 7731 MiB
2026/09/27 22:46:19.429, 1410 MHz, 1593 MHz, 36, 95.67 W, 0x0000000000000000, 423 MiB
2026/09/27 22:46:24.443, 1410 MHz, 1593 MHz, 37, 116.95 W, 0x0000000000000000, 5753 MiB
2026/09/27 22:46:29.462, 1410 MHz, 1593 MHz, 37, 123.19 W, 0x0000000000000000, 5753 MiB
2026/09/27 22:46:34.478, 1410 MHz, 1593 MHz, 36, 95.77 W, 0x0000000000000000, 423 MiB
2026/09/27 22:46:39.497, 1410 MHz, 1593 MHz, 42, 247.33 W, 0x0000000000000000, 29715 MiB
2026/09/27 22:46:44.511, 1410 MHz, 1593 MHz, 45, 217.31 W, 0x0000000000000000, 29715 MiB
2026/09/27 22:46:49.527, 1410 MHz, 1593 MHz, 40, 101.78 W, 0x0000000000000000, 481 MiB
2026/09/27 22:46:54.545, 1410 MHz, 1593 MHz, 38, 100.36 W, 0x0000000000000000, 11275 MiB
2026/09/27 22:46:59.560, 1410 MHz, 1593 MHz, 39, 142.50 W, 0x0000000000000000, 11839 MiB
2026/09/27 22:47:04.575, 1410 MHz, 1593 MHz, 39, 133.05 W, 0x0000000000000000, 11839 MiB
2026/09/27 22:47:09.591, 1410 MHz, 1593 MHz, 39, 146.93 W, 0x0000000000000000, 11839 MiB
2026/09/27 22:47:14.607, 1410 MHz, 1593 MHz, 39, 146.60 W, 0x0000000000000000, 11839 MiB
2026/09/27 22:47:19.625, 1410 MHz, 1593 MHz, 39, 131.72 W, 0x0000000000000000, 11839 MiB
2026/09/27 22:47:24.643, 1410 MHz, 1593 MHz, 37, 96.23 W, 0x0000000000000000, 423 MiB
2026/09/27 22:47:29.660, 1410 MHz, 1593 MHz, 37, 99.22 W, 0x0000000000000000, 2525 MiB
2026/09/27 22:47:34.676, 1410 MHz, 1593 MHz, 36, 99.45 W, 0x0000000000000000, 2525 MiB
2026/09/27 22:47:39.694, 1410 MHz, 1593 MHz, 36, 99.45 W, 0x0000000000000000, 2525 MiB
2026/09/27 22:47:44.713, 1410 MHz, 1593 MHz, 36, 99.45 W, 0x0000000000000000, 2525 MiB
2026/09/27 22:47:49.730, 1410 MHz, 1593 MHz, 36, 99.34 W, 0x0000000000000000, 2525 MiB
2026/09/27 22:47:54.746, 1410 MHz, 1593 MHz, 36, 99.34 W, 0x0000000000000000, 2525 MiB
2026/09/27 22:47:59.763, 1410 MHz, 1593 MHz, 36, 100.64 W, 0x0000000000000000, 2525 MiB
2026/09/27 22:48:04.781, 1410 MHz, 1593 MHz, 36, 98.75 W, 0x0000000000000000, 2525 MiB
2026/09/27 22:48:09.798, 1410 MHz, 1593 MHz, 36, 98.93 W, 0x0000000000000000, 2525 MiB
2026/09/27 22:48:14.815, 1410 MHz, 1593 MHz, 36, 98.82 W, 0x0000000000000000, 2525 MiB
2026/09/27 22:48:19.834, 1410 MHz, 1593 MHz, 36, 99.75 W, 0x0000000000000000, 2525 MiB
2026/09/27 22:48:24.851, 1410 MHz, 1593 MHz, 36, 99.22 W, 0x0000000000000000, 2525 MiB
2026/09/27 22:48:29.869, 1410 MHz, 1593 MHz, 36, 98.45 W, 0x0000000000000000, 2525 MiB
2026/09/27 22:48:34.886, 1410 MHz, 1593 MHz, 36, 99.22 W, 0x0000000000000000, 2525 MiB
2026/09/27 22:48:39.903, 1410 MHz, 1593 MHz, 36, 98.62 W, 0x0000000000000000, 481 MiB
2026/09/27 22:48:44.922, 1410 MHz, 1593 MHz, 36, 95.77 W, 0x0000000000000000, 423 MiB
2026/09/27 22:48:49.938, 1410 MHz, 1593 MHz, 46, 295.33 W, 0x0000000000000000, 24641 MiB
2026/09/27 22:48:54.957, 1410 MHz, 1593 MHz, 37, 108.77 W, 0x0000000000000000, 1883 MiB
2026/09/27 22:48:59.975, 1410 MHz, 1593 MHz, 37, 109.86 W, 0x0000000000000000, 1883 MiB
2026/09/27 22:49:04.992, 1410 MHz, 1593 MHz, 37, 107.57 W, 0x0000000000000000, 1883 MiB
2026/09/27 22:49:10.011, 1410 MHz, 1593 MHz, 37, 111.17 W, 0x0000000000000000, 1883 MiB
2026/09/27 22:49:15.027, 1410 MHz, 1593 MHz, 36, 99.55 W, 0x0000000000000000, 12899 MiB
2026/09/27 22:49:20.045, 1410 MHz, 1593 MHz, 38, 123.41 W, 0x0000000000000000, 13339 MiB
2026/09/27 22:49:25.063, 1410 MHz, 1593 MHz, 38, 119.89 W, 0x0000000000000000, 13339 MiB
2026/09/27 22:49:30.082, 1410 MHz, 1593 MHz, 37, 96.53 W, 0x0000000000000000, 423 MiB
2026/09/27 22:49:35.097, 1410 MHz, 1593 MHz, 37, 110.41 W, 0x0000000000000000, 5809 MiB
2026/09/27 22:49:40.120, 1410 MHz, 1593 MHz, 37, 115.75 W, 0x0000000000000000, 5809 MiB
2026/09/27 22:49:45.139, 1410 MHz, 1593 MHz, 37, 109.97 W, 0x0000000000000000, 5809 MiB
2026/09/27 22:49:50.156, 1410 MHz, 1593 MHz, 36, 95.79 W, 0x0000000000000000, 423 MiB
2026/09/27 22:49:55.173, 1410 MHz, 1593 MHz, 36, 105.22 W, 0x0000000000000000, 1713 MiB
2026/09/27 22:50:00.189, 1410 MHz, 1593 MHz, 36, 104.78 W, 0x0000000000000000, 1713 MiB
2026/09/27 22:50:05.207, 1410 MHz, 1593 MHz, 36, 104.39 W, 0x0000000000000000, 1713 MiB
2026/09/27 22:50:10.224, 1410 MHz, 1593 MHz, 36, 105.54 W, 0x0000000000000000, 1713 MiB
2026/09/27 22:50:15.244, 1410 MHz, 1593 MHz, 36, 95.77 W, 0x0000000000000000, 423 MiB
2026/09/27 22:50:20.258, 1410 MHz, 1593 MHz, 38, 160.45 W, 0x0000000000000000, 17801 MiB
2026/09/27 22:50:25.278, 1410 MHz, 1593 MHz, 39, 168.73 W, 0x0000000000000000, 17801 MiB
2026/09/27 22:50:30.294, 1410 MHz, 1593 MHz, 39, 185.25 W, 0x0000000000000000, 17801 MiB
2026/09/27 22:50:35.311, 1410 MHz, 1593 MHz, 40, 195.57 W, 0x0000000000000000, 17801 MiB
2026/09/27 22:50:40.328, 1410 MHz, 1593 MHz, 40, 161.92 W, 0x0000000000000000, 17801 MiB
2026/09/27 22:50:45.345, 1410 MHz, 1593 MHz, 37, 95.99 W, 0x0000000000000000, 423 MiB
2026/09/27 22:50:50.363, 1410 MHz, 1593 MHz, 37, 115.75 W, 0x0000000000000000, 25375 MiB
2026/09/27 22:50:55.381, 1410 MHz, 1593 MHz, 38, 101.56 W, 0x0000000000000000, 25375 MiB
2026/09/27 22:51:00.398, 1410 MHz, 1593 MHz, 37, 101.95 W, 0x0000000000000000, 25375 MiB
2026/09/27 22:51:05.416, 1410 MHz, 1593 MHz, 37, 155.87 W, 0x0000000000000000, 25375 MiB
2026/09/27 22:51:10.433, 1410 MHz, 1593 MHz, 37, 106.26 W, 0x0000000000000000, 25375 MiB
2026/09/27 22:51:15.450, 1410 MHz, 1593 MHz, 38, 130.92 W, 0x0000000000000000, 25375 MiB
2026/09/27 22:51:20.467, 1410 MHz, 1593 MHz, 38, 100.96 W, 0x0000000000000000, 25375 MiB
2026/09/27 22:51:25.485, 1410 MHz, 1593 MHz, 38, 102.49 W, 0x0000000000000000, 25375 MiB
2026/09/27 22:51:30.501, 1410 MHz, 1593 MHz, 37, 97.90 W, 0x0000000000000000, 423 MiB
2026/09/27 22:51:35.518, 1410 MHz, 1593 MHz, 36, 97.50 W, 0x0000000000000000, 33337 MiB
2026/09/27 22:51:40.535, 1410 MHz, 1593 MHz, 38, 149.01 W, 0x0000000000000000, 33939 MiB
2026/09/27 22:51:45.551, 1410 MHz, 1593 MHz, 39, 131.19 W, 0x0000000000000000, 33939 MiB
2026/09/27 22:51:50.569, 1410 MHz, 1593 MHz, 39, 123.19 W, 0x0000000000000000, 33939 MiB
2026/09/27 22:51:55.588, 1410 MHz, 1593 MHz, 39, 116.80 W, 0x0000000000000000, 33939 MiB
2026/09/27 22:52:00.607, 1410 MHz, 1593 MHz, 39, 115.55 W, 0x0000000000000000, 33939 MiB
2026/09/27 22:52:05.625, 1410 MHz, 1593 MHz, 39, 182.28 W, 0x0000000000000000, 33939 MiB
2026/09/27 22:52:10.643, 1410 MHz, 1593 MHz, 37, 96.92 W, 0x0000000000000000, 423 MiB
2026/09/27 22:52:15.658, 1410 MHz, 1593 MHz, 38, 125.47 W, 0x0000000000000000, 5447 MiB
2026/09/27 22:52:20.677, 1410 MHz, 1593 MHz, 38, 119.08 W, 0x0000000000000000, 5447 MiB
2026/09/27 22:52:25.695, 1410 MHz, 1593 MHz, 38, 128.79 W, 0x0000000000000000, 5447 MiB
2026/09/27 22:52:30.712, 1410 MHz, 1593 MHz, 38, 121.08 W, 0x0000000000000000, 5447 MiB
2026/09/27 22:52:35.729, 1410 MHz, 1593 MHz, 38, 119.29 W, 0x0000000000000000, 5447 MiB
2026/09/27 22:52:40.746, 1410 MHz, 1593 MHz, 38, 121.08 W, 0x0000000000000000, 5447 MiB
2026/09/27 22:52:45.763, 1410 MHz, 1593 MHz, 38, 115.84 W, 0x0000000000000000, 5447 MiB
2026/09/27 22:52:50.779, 1410 MHz, 1593 MHz, 36, 96.13 W, 0x0000000000000000, 423 MiB
2026/09/27 22:52:55.793, 1410 MHz, 1593 MHz, 37, 141.00 W, 0x0000000000000000, 8669 MiB
2026/09/27 22:53:00.813, 1410 MHz, 1593 MHz, 37, 102.77 W, 0x0000000000000000, 8669 MiB
2026/09/27 22:53:05.831, 1410 MHz, 1593 MHz, 37, 102.77 W, 0x0000000000000000, 8669 MiB
2026/09/27 22:53:10.846, 1410 MHz, 1593 MHz, 37, 128.53 W, 0x0000000000000000, 8669 MiB
2026/09/27 22:53:15.864, 1410 MHz, 1593 MHz, 37, 116.32 W, 0x0000000000000000, 8669 MiB
2026/09/27 22:53:20.879, 1410 MHz, 1593 MHz, 37, 104.62 W, 0x0000000000000000, 8669 MiB
2026/09/27 22:53:25.897, 1410 MHz, 1593 MHz, 37, 103.52 W, 0x0000000000000000, 8669 MiB
2026/09/27 22:53:30.914, 1410 MHz, 1593 MHz, 36, 96.19 W, 0x0000000000000000, 423 MiB
2026/09/27 22:53:35.933, 1410 MHz, 1593 MHz, 38, 132.45 W, 0x0000000000000000, 13101 MiB
2026/09/27 22:53:40.951, 1410 MHz, 1593 MHz, 38, 138.52 W, 0x0000000000000000, 12897 MiB
2026/09/27 22:53:45.968, 1410 MHz, 1593 MHz, 36, 96.09 W, 0x0000000000000000, 18609 MiB
2026/09/27 22:53:50.982, 1410 MHz, 1593 MHz, 40, 160.12 W, 0x0000000000000000, 19047 MiB
2026/09/27 22:53:55.999, 1410 MHz, 1593 MHz, 38, 100.13 W, 0x0000000000000000, 481 MiB
2026/09/27 22:54:01.016, 1410 MHz, 1593 MHz, 36, 96.09 W, 0x0000000000000000, 423 MiB
2026/09/27 22:54:06.031, 1410 MHz, 1593 MHz, 37, 99.43 W, 0x0000000000000000, 13949 MiB
2026/09/27 22:54:11.047, 1410 MHz, 1593 MHz, 37, 101.78 W, 0x0000000000000000, 13949 MiB
2026/09/27 22:54:16.065, 1410 MHz, 1593 MHz, 36, 127.60 W, 0x0000000000000000, 13949 MiB
2026/09/27 22:54:21.080, 1410 MHz, 1593 MHz, 36, 108.33 W, 0x0000000000000000, 13949 MiB
2026/09/27 22:54:26.098, 1410 MHz, 1593 MHz, 36, 108.05 W, 0x0000000000000000, 13949 MiB
2026/09/27 22:54:31.114, 1410 MHz, 1593 MHz, 36, 101.24 W, 0x0000000000000000, 13949 MiB
2026/09/27 22:54:36.131, 1410 MHz, 1593 MHz, 36, 99.86 W, 0x0000000000000000, 13949 MiB
2026/09/27 22:54:41.146, 1410 MHz, 1593 MHz, 36, 113.26 W, 0x0000000000000000, 13949 MiB
2026/09/27 22:54:46.164, 1410 MHz, 1593 MHz, 36, 115.67 W, 0x0000000000000000, 13949 MiB
2026/09/27 22:54:51.180, 1410 MHz, 1593 MHz, 36, 103.42 W, 0x0000000000000000, 13949 MiB
2026/09/27 22:54:56.195, 1410 MHz, 1593 MHz, 36, 100.03 W, 0x0000000000000000, 13949 MiB
2026/09/27 22:55:01.212, 1410 MHz, 1593 MHz, 36, 96.09 W, 0x0000000000000000, 423 MiB
2026/09/27 22:55:06.226, 1410 MHz, 1593 MHz, 39, 180.47 W, 0x0000000000000000, 21339 MiB
2026/09/27 22:55:11.242, 1410 MHz, 1593 MHz, 40, 180.15 W, 0x0000000000000000, 21339 MiB
2026/09/27 22:55:16.260, 1410 MHz, 1593 MHz, 40, 137.04 W, 0x0000000000000000, 21339 MiB
2026/09/27 22:55:21.276, 1410 MHz, 1593 MHz, 38, 100.03 W, 0x0000000000000000, 0 MiB
2026/09/27 22:55:26.292, 1410 MHz, 1593 MHz, 38, 130.18 W, 0x0000000000000000, 9839 MiB
2026/09/27 22:55:31.308, 1410 MHz, 1593 MHz, 39, 126.67 W, 0x0000000000000000, 9839 MiB
2026/09/27 22:55:36.328, 1410 MHz, 1593 MHz, 37, 96.43 W, 0x0000000000000000, 423 MiB
2026/09/27 22:55:41.342, 1410 MHz, 1593 MHz, 40, 185.34 W, 0x0000000000000000, 23755 MiB
2026/09/27 22:55:46.360, 1410 MHz, 1593 MHz, 41, 145.82 W, 0x0000000000000000, 23755 MiB
2026/09/27 22:55:51.376, 1410 MHz, 1593 MHz, 41, 176.55 W, 0x0000000000000000, 23755 MiB
2026/09/27 22:55:56.395, 1410 MHz, 1593 MHz, 42, 174.69 W, 0x0000000000000000, 23755 MiB
2026/09/27 22:56:01.411, 1410 MHz, 1593 MHz, 37, 96.70 W, 0x0000000000000000, 16137 MiB
2026/09/27 22:56:06.428, 1410 MHz, 1593 MHz, 40, 161.32 W, 0x0000000000000000, 16331 MiB
2026/09/27 22:56:11.444, 1410 MHz, 1593 MHz, 38, 110.57 W, 0x0000000000000000, 1471 MiB
2026/09/27 22:56:16.461, 1410 MHz, 1593 MHz, 38, 111.71 W, 0x0000000000000000, 1471 MiB
2026/09/27 22:56:21.476, 1410 MHz, 1593 MHz, 37, 113.50 W, 0x0000000000000000, 1471 MiB
2026/09/27 22:56:26.493, 1410 MHz, 1593 MHz, 37, 96.09 W, 0x0000000000000000, 20 MiB
2026/09/27 22:56:31.510, 1410 MHz, 1593 MHz, 36, 96.09 W, 0x0000000000000000, 27483 MiB
2026/09/27 22:56:36.524, 1410 MHz, 1593 MHz, 51, 357.62 W, 0x0000000000000000, 27623 MiB
2026/09/27 22:56:41.543, 1410 MHz, 1593 MHz, 39, 97.63 W, 0x0000000000000000, 423 MiB
2026/09/27 22:56:46.559, 1410 MHz, 1593 MHz, 38, 102.49 W, 0x0000000000000000, 1927 MiB
2026/09/27 22:56:51.578, 1410 MHz, 1593 MHz, 37, 103.80 W, 0x0000000000000000, 1927 MiB
2026/09/27 22:56:56.593, 1410 MHz, 1593 MHz, 37, 101.28 W, 0x0000000000000000, 1927 MiB
2026/09/27 22:57:01.611, 1410 MHz, 1593 MHz, 37, 101.56 W, 0x0000000000000000, 1927 MiB
2026/09/27 22:57:06.626, 1410 MHz, 1593 MHz, 37, 102.81 W, 0x0000000000000000, 1927 MiB
2026/09/27 22:57:11.641, 1410 MHz, 1593 MHz, 36, 100.96 W, 0x0000000000000000, 1927 MiB
2026/09/27 22:57:16.657, 1410 MHz, 1593 MHz, 36, 101.56 W, 0x0000000000000000, 1927 MiB
2026/09/27 22:57:21.659, 1410 MHz, 1593 MHz, 36, 100.69 W, 0x0000000000000000, 1927 MiB
2026/09/27 22:57:26.674, 1410 MHz, 1593 MHz, 36, 95.67 W, 0x0000000000000000, 423 MiB
2026/09/27 22:57:31.691, 1410 MHz, 1593 MHz, 37, 141.42 W, 0x0000000000000000, 14949 MiB
2026/09/27 22:57:36.707, 1410 MHz, 1593 MHz, 37, 110.45 W, 0x0000000000000000, 14949 MiB
2026/09/27 22:57:41.722, 1410 MHz, 1593 MHz, 38, 139.62 W, 0x0000000000000000, 14949 MiB
2026/09/27 22:57:46.738, 1410 MHz, 1593 MHz, 38, 111.17 W, 0x0000000000000000, 14949 MiB
2026/09/27 22:57:51.754, 1410 MHz, 1593 MHz, 38, 108.93 W, 0x0000000000000000, 14949 MiB
2026/09/27 22:57:56.771, 1410 MHz, 1593 MHz, 37, 96.33 W, 0x0000000000000000, 423 MiB
2026/09/27 22:58:01.785, 1410 MHz, 1593 MHz, 42, 213.76 W, 0x0000000000000000, 18121 MiB
2026/09/27 22:58:06.801, 1410 MHz, 1593 MHz, 37, 96.60 W, 0x0000000000000000, 423 MiB
2026/09/27 22:58:11.817, 1410 MHz, 1593 MHz, 39, 133.05 W, 0x0000000000000000, 9839 MiB
2026/09/27 22:58:16.832, 1410 MHz, 1593 MHz, 37, 99.75 W, 0x0000000000000000, 0 MiB
2026/09/27 22:58:21.849, 1410 MHz, 1593 MHz, 38, 111.61 W, 0x0000000000000000, 14949 MiB
2026/09/27 22:58:26.865, 1410 MHz, 1593 MHz, 38, 149.51 W, 0x0000000000000000, 14949 MiB
2026/09/27 22:58:31.884, 1410 MHz, 1593 MHz, 38, 115.50 W, 0x0000000000000000, 14949 MiB
2026/09/27 22:58:36.899, 1410 MHz, 1593 MHz, 38, 116.11 W, 0x0000000000000000, 14949 MiB
2026/09/27 22:58:41.917, 1410 MHz, 1593 MHz, 38, 122.72 W, 0x0000000000000000, 14949 MiB
